employer_name,total_jobs,updated_at
Capital One,1784,03-13-2025
Mitsubishi Bank,531,03-13-2025
TD Bank,1544,03-13-2025
Wells Fargo,1783,03-13-2025
Synchrony,103,03-13-2025
T Rowe,93,03-13-2025
Mastercard,1070,03-13-2025
G Research,42,03-13-2025
Wellington,78,03-13-2025
Russell Investments,70,03-13-2025
Mizuho,74,03-13-2025
Gartner,827,03-13-2025
Northern Trust,568,03-13-2025
Santander,1506,03-13-2025
PNC Bank,1486,03-13-2025
Pitney Bowes,92,03-13-2025
Apple Bank,38,03-13-2025
Franklin Investments,95,03-13-2025
General Motors,408,03-13-2025
Key Bank,515,03-13-2025
Bank of Montreal,921,03-13-2025
Wellington,78,03-13-2025
Voya Investments,97,03-13-2025
Balyasny Asset Management,1,03-13-2025
Blackstone,216,03-13-2025
CIBC,631,03-13-2025
CBOE,43,03-13-2025
Cushman & Wakefield,1976,03-13-2025
